,don_age,1.don_gender,2b.don_gender,1.don_race,2.don_race,3b.don_race
don_age,0.000171689,0.000333131,0,0.000755353,0,0
1.don_gender,0.000333131,0.094408642,0,0.000109265,0,0
2b.don_gender,0,0,0,0,0,0
1.don_race,0.000755353,0.000109265,0,0.153342826,0,0
2.don_race,0,0,0,0,0,0
3b.don_race,0,0,0,0,0,0
# flick 20250409213600-BdeN
# flick 20250409214207-0djh
# flick 20250409214623-PSHO
# flick 20250409230554-EBJ6
# flick 20250409231151-MNo8
# flick 20250410004926-tBT3
# flick 20250410010459-o3ac
# flick 20250410023658-zK2a
# flick 20250410030140-z87J
# flick 20250410031441-pmrE
# flick 20250410032114-j7Rq
# flick 20250410133822-KG4A
# flick 20250410134051-nzRH
# flick 20250410141345-3be9
